"effective_canonical_key","山名","别名","省份","海拔_m","现有粗坐标_lat","现有粗坐标_lng","未解决原因"
"aerjin-shan","阿尔金山主峰","阿尔金山主峰","甘肃省","5828","39.35","94.1","coordinate_precision_below_3dp|original_displacement_over_150km"
"animaqing-feng","阿尼玛卿峰","阿尼玛卿峰","青海省","6282","34.8","99.4","no_external_candidate_found"
"bagong-shan","八公山","八公山","安徽省","241.2","32.6","116.8","original_displacement_over_150km|unrelated_province_same_name_risk|coordinate_precision_below_3dp"
"baima-xueshan-zhalaqueni-feng","白马雪山扎拉雀尼峰","白马雪山扎拉雀尼峰","云南省","5429","28.3","99","no_external_candidate_found"
"baizhang-ling","百丈岭","百丈岭","浙江省","1334","30.25","119","original_displacement_over_150km"
"beiling-shan","北灵山","北灵山","北京市","1922","39.9781","115.5028","original_displacement_over_150km|unrelated_province_same_name_risk"
"caishi-ji","采石矶","采石矶","安徽省","131","31.65","118.45","no_external_candidate_found"
"cang-shan","藏山","藏山","山西省","1700","38.0167","113.4333","original_displacement_over_150km|unrelated_province_same_name_risk"
"chaya-shan","嵖岈山","嵖岈山天磨峰|嵖岈山|天磨峰","河南省","740","33.2","113.7","no_external_candidate_found"
"dabai-shan","大白山","大白山","黑龙江省","1528.7","51.5","123.7","original_displacement_over_150km|unrelated_province_same_name_risk|source_elevation_mismatch"
"dabieshan-bodao-feng","大别山薄刀峰","大别山薄刀峰","湖北省","1404.2","31.05","115.7","no_external_candidate_found"
"dadong-shan","大东山","大东山","广东省","1452","24.9","112.7","original_displacement_over_150km|source_elevation_mismatch"
"dahong-shan","大洪山","大洪山","湖北省","1055","31.45","113.1","original_displacement_over_150km|source_elevation_mismatch"
"dalari-feng","打拉日峰","打拉日峰","西藏自治区","6777","28.35","90.4","no_external_candidate_found"
"damao-shan","大茂山","大茂山","河北省","1898","38.8333","114.7","original_displacement_over_150km|unrelated_province_same_name_risk|source_elevation_mismatch"
"daming-shan-zhejiang","大明山","大明山","浙江省","1489.9","30.05","118.95","original_displacement_over_150km|unrelated_province_same_name_risk|source_elevation_mismatch"
"dangling-xiaqiangla","党岭夏羌拉","党岭夏羌拉","四川省","5470","31","101.4","no_external_candidate_found"
"dangling-xiaqiangniea","党岭夏羌涅阿","党岭夏羌涅阿","四川省","5260","31","101.4","no_external_candidate_found"
"danxiashan-bazhai","丹霞山巴寨","丹霞山巴寨","广东省","619.2","25","113.75","no_external_candidate_found"
"daqing-shan","大青山主峰","大青山主峰","内蒙古自治区","2338","40.8","111.8","coordinate_precision_below_3dp|original_displacement_over_150km|unrelated_province_same_name_risk"
"dawagengza","达瓦更扎","达瓦更扎","四川省","3900","30.95","102.5","no_external_candidate_found"
"donghu-moshan","东湖磨山","东湖磨山","湖北省","118.3","30.55","114.4","no_external_candidate_found"
"duku-gonglu-route","独库公路沿线山峰","独库公路沿线山峰","新疆维吾尔自治区","3500","42.5","84.5","no_external_candidate_found"
"duri-feng","都日峰","都日峰","四川省","5437","32","103.8","coordinate_precision_below_3dp|original_displacement_over_150km|unrelated_province_same_name_risk"
"fenghuang-shan-heilongjiang","凤凰山","凤凰山","黑龙江省","1696.2","44.1","127.9","original_displacement_over_150km|unrelated_province_same_name_risk"
"gangpengqing-feng","岗彭庆峰","岗彭庆峰","西藏自治区","7299","28.5","85.6","coordinate_precision_below_3dp|unrelated_province_same_name_risk"
"gangrenboqi-cluster","冈仁波齐周边山峰","冈仁波齐|冈仁波齐周边山峰","西藏自治区","4000","31.05","81.3","no_external_candidate_found"
"gangshka-xuefeng","岗什卡雪峰","岗什卡雪峰","青海省","5254.5","37.7","101.5","no_external_candidate_found"
"gaoligongshan-gawagapu-feng","高黎贡山嘎娃嘎普峰","高黎贡山嘎娃嘎普峰","云南省","5128","28","98.6","no_external_candidate_found"
"gasherbrum-1-feng","加舒尔布鲁木I峰","加舒尔布鲁木I峰","新疆维吾尔自治区","8080","35.724925","76.697502","unrelated_province_same_name_risk"
"gasherbrum-2-feng","加舒尔布鲁木II峰","加舒尔布鲁木II峰","新疆维吾尔自治区","8035","35.759071","76.65375","unrelated_province_same_name_risk"
"genie-shan","格聂神山主峰","格聂神山主峰","四川省","6204","29.8","99.8","no_external_candidate_found"
"gongga-baihaizi-shan","白海子山主峰","白海子山主峰","四川省","5924","29.95","102","no_external_candidate_found"
"gongga-jiazi-feng","贡嘎嘉子峰","贡嘎嘉子峰","四川省","6540","29.75","101.85","no_external_candidate_found"
"gongga-leduomanyin-feng","贡嘎勒多曼因峰","贡嘎勒多曼因峰","四川省","6112","29.75","101.85","no_external_candidate_found"
"gongga-riwuqie-feng","贡嘎日乌且峰","贡嘎日乌且峰","四川省","6376","29.75","101.85","no_external_candidate_found"
"gongga-tianhaizi-shan","田海子山主峰","田海子山主峰","四川省","6070","29.95","102","no_external_candidate_found"
"gongga-xiaogongga-feng","贡嘎小贡嘎峰","贡嘎小贡嘎峰","四川省","5928","29.6","101.8","no_external_candidate_found"
"gua-shan","卦山","卦山","山西省","1142","37.5","112.1","original_displacement_over_150km|unrelated_province_same_name_risk"
"haba-xueshan","哈巴雪山主峰","哈巴雪山主峰","云南省","5396","27.6","100.1","no_external_candidate_found"
"hailaer-xishan","海拉尔西山国家森林公园主峰","海拉尔西山国家森林公园主峰","内蒙古自治区","664.2","49.2","119.7","no_external_candidate_found"
"heban-shan","鹤伴山","鹤伴山","山东省","728.8","36.8","117.6","no_external_candidate_found"
"heishan-gu","黑山谷","黑山谷","重庆市","1900","28.95","106.95","no_external_candidate_found"
"huangbai-shan","黄柏山主峰","黄柏山主峰","河南省","1352.6","31.45","115.3","no_external_candidate_found"
"huanggang-liang","黄岗梁","黄岗梁","内蒙古自治区","2029","43.5","117.5","coordinate_precision_below_3dp|unrelated_province_same_name_risk"
"huangshan-xihai-route","黄山西海大峡谷环线","黄山西海大峡谷环线","安徽省","1300","30.15","118.1333","no_external_candidate_found"
"huhe-bashige","呼和巴什格","呼和巴什格","内蒙古自治区","2364","40.95","106.4","coordinate_precision_below_3dp|unrelated_province_same_name_risk"
"huihang-gudao-route","徽杭古道沿线山峰","徽杭古道沿线山峰","浙江省","1000","30.2","118.8","no_external_candidate_found"
"huitengxile-huanghuagou","辉腾锡勒黄花沟主峰","辉腾锡勒黄花沟主峰","内蒙古自治区","2100","41.15","112.6","no_external_candidate_found"
"hutiaoxia-gaolu-route","虎跳峡高路徒步线","虎跳峡高路徒步线","云南省","1800","27.2","100","no_external_candidate_found"
"jiaer-mengcuo","甲尔猛措","甲尔猛措","四川省","4000","31.75","103.2","no_external_candidate_found"
"jiangsanglamu-feng","姜桑拉姆峰","姜桑拉姆峰","西藏自治区","6325","28.85","90.25","no_external_candidate_found"
"jiaozi-xueshan","轿子雪山","轿子雪山","云南省","4223","26.1","102.8","no_external_candidate_found"
"jietongsusong-feng","解同速松峰","解同速松峰","西藏自治区","6240","28.4","90.6","no_external_candidate_found"
"jinyun-shan","缙云山","缙云山","重庆市","951","29.85","106.35","no_external_candidate_found"
"jiuwan-shan","九万山","九万山","广西壮族自治区","1693","25.35","108.7","no_external_candidate_found"
"kulagangri-feng","库拉岗日峰","库拉岗日峰","西藏自治区","7538","28.25","90.6","no_external_candidate_found"
"liang-shan-shandong","水泊梁山","水泊梁山","山东省","197.9","35.8","116.1","no_external_candidate_found"
"lishan-shunwang-ping","历山舜王坪","历山舜王坪","山西省","2358","35.35","111.9","no_external_candidate_found"
"liuding-shan","六鼎山","六鼎山","吉林省","803.6","43.4","128.3","original_displacement_over_150km"
"loushan-guan","娄山关","娄山关","贵州省","1576","27.95","106.8","no_external_candidate_found"
"lushan-shandong","鲁山主峰","鲁山主峰","山东省","1108.3","36.35","117.8","original_displacement_over_150km|unrelated_province_same_name_risk"
"luzi-feng","鲁孜峰","鲁孜峰","西藏自治区","6154","30.3","90.5","no_external_candidate_found"
"manhan-shan","蛮汉山","蛮汉山","内蒙古自治区","2304.5","40.55","112.4","no_external_candidate_found"
"maya-xueshan","马牙雪山","马牙雪山","甘肃省","4447","37.2","102.8","no_external_candidate_found"
"mengdagangri-feng","蒙达岗日峰","蒙达岗日峰","西藏自治区","6426","28.45","90.65","no_external_candidate_found"
"namunani-feng","纳木那尼峰","纳木那尼峰","西藏自治区","7694","30.45","81.35","unrelated_province_same_name_risk"
"nangong-shan","南宫山","南宫山","陕西省","2267.4","32.15","108.95","no_external_candidate_found"
"nanhuang-gudao-route","南黄古道沿线山峰","南黄古道沿线山峰","浙江省","800","29.05","120.3","no_external_candidate_found"
"nankun-shan","南昆山","南昆山","广东省","1228","23.6","113.8","no_external_candidate_found"
"nanyandang-shan","南雁荡山","南雁荡山","浙江省","1124","27.65","120.15","coordinate_precision_below_3dp"
"nianbaoyuze","年保玉则","年保玉则","青海省","5369","33.28","101.14","no_external_candidate_found"
"putuoshan-foding-shan","普陀山佛顶山","普陀山佛顶山","浙江省","291.3","30","122.35","no_external_candidate_found"
"qianling-shan","黔灵山","黔灵山","贵州省","1396","26.6","106.7","coordinate_precision_below_3dp|original_displacement_over_150km"
"qilianshan-tuanjie-feng","祁连山团结峰","祁连山团结峰","甘肃省","5808","38.5","97.7","no_external_candidate_found"
"qingchengshan-laojun-ge","青城山老君阁","青城山老君阁","四川省","1260","30.9","103.5","no_external_candidate_found"
"qinghaihu-nanshan","青海湖南山","青海湖南山","青海省","3500","36.6","100.5","no_external_candidate_found"
"qingyun-shan-fujian","青云山","青云山","福建省","1130","25.85","118.95","original_displacement_over_150km|unrelated_province_same_name_risk|source_elevation_mismatch"
"qiongmugangri-feng","穷母岗日峰","穷母岗日峰","西藏自治区","7048","29.95","90.15","no_external_candidate_found"
"qiyue-shan","齐岳山","齐岳山","湖北省","1911.5","30.45","108.7","no_external_candidate_found"
"qizi-feng","启孜峰","启孜峰","西藏自治区","6206","30.3","90.5","original_displacement_over_150km|unrelated_province_same_name_risk"
"sanao-aotaiji","三奥雪山奥太基","三奥雪山奥太基","四川省","5286","32","103","no_external_candidate_found"
"sanao-aotaimei","三奥雪山奥太美","三奥雪山奥太美","四川省","5257","32","103","no_external_candidate_found"
"sanao-aotaina","三奥雪山奥太娜","三奥雪山奥太娜","四川省","5210","32","103","no_external_candidate_found"
"sejila-shan","色季拉山","色季拉山","西藏自治区","4728","29.55","94.4","no_external_candidate_found"
"shao-shan","韶山","韶山","湖南省","518.9","27.9","112.5","original_displacement_over_150km|unrelated_province_same_name_risk"
"shennongjia-laojun-shan","神农架老君山","神农架老君山","湖北省","2936","31.55","110.5","no_external_candidate_found"
"shennongshan","神农山","神农山紫金顶|神农山|紫金顶","河南省","1028","35.25","112.9","no_external_candidate_found"
"shenxian-ju","神仙居","神仙居","浙江省","1271","28.7","120.55","no_external_candidate_found"
"shigao-shan","石膏山","石膏山","山西省","2532","36.7","112.15","no_external_candidate_found"
"shishapangma-lenggang-feng","冷岗峰","冷岗峰","西藏自治区","6225","28.5","85.7","no_external_candidate_found"
"shiwan-dashan","十万大山","十万大山","广西壮族自治区","1462","21.85","107.9","no_external_candidate_found"
"siguniang-dafeng","四姑娘山大峰","四姑娘山大峰|大峰","四川省","5025","31.1","102.9","original_displacement_over_150km|unrelated_province_same_name_risk|source_elevation_mismatch"
"siguniang-erfeng","四姑娘山二峰","四姑娘山二峰|二峰","四川省","5276","31.1","102.9","original_displacement_over_150km|unrelated_province_same_name_risk"
"siguniang-sanfeng","四姑娘山三峰","四姑娘山三峰|三峰","四川省","5355","31.1","102.9","original_displacement_over_150km|unrelated_province_same_name_risk|source_elevation_mismatch"
"simian-shan","四面山","四面山","重庆市","1709.4","28.6","106.4","original_displacement_over_150km|source_elevation_mismatch"
"sumu-shan","苏木山","苏木山","内蒙古自治区","2334.7","40.75","113.9","no_external_candidate_found"
"tanglaangqu-feng","唐拉昂曲峰","唐拉昂曲峰","西藏自治区","6330","30.2","90.6","no_external_candidate_found"
"tianhua-shan","天华山","天华山","辽宁省","1100","40.8","124.7","original_displacement_over_150km|unrelated_province_same_name_risk|source_elevation_mismatch"
"tianmushan-qijian-route","天目山七尖穿越线","天目山七尖穿越线","浙江省","1500","30.35","119.45","no_external_candidate_found"
"tiantaishan-huading-shan","天台山华顶山","天台山华顶山","浙江省","1098","29.25","121.05","no_external_candidate_found"
"tiantang-zhai","天堂寨","天堂寨","安徽省|湖北省","1729.13","31.2","115.75","coordinate_precision_below_3dp"
"tuo-liang","驼梁","驼梁","河北省","2281","38.7333","113.8333","no_external_candidate_found"
"wanfo-shan-anhui","万佛山","万佛山","安徽省","1539","31","116.6","no_external_candidate_found"
"wangmangling-xiyaigou-route","太行山王莽岭-锡崖沟环线","太行山王莽岭-锡崖沟环线","山西省","1700","35.65","113.6333","no_external_candidate_found"
"wangxiang-yan","太行大峡谷王相岩","太行大峡谷王相岩","河南省","1600","36.05","113.7","no_external_candidate_found"
"wanxian-shan","万仙山主峰","万仙山主峰","河南省","1672","35.7","113.6","no_external_candidate_found"
"weizhou-volcanic-landform-route","涠洲岛火山地貌游览线","涠洲岛火山地貌游览线","广西壮族自治区","0","21.05","109.1","no_external_candidate_found"
"wugongshan-guangdong","武功山广东段","武功山广东段","广东省","1500","24.9","113.95","no_external_candidate_found"
"wuliang-shan","无量山","无量山","云南省","3376","24.7","100.6","no_external_candidate_found"
"wuling-shan-chongqing","武陵山","武陵山","重庆市","1980","29.65","107.5","original_displacement_over_150km|source_elevation_mismatch"
"wumeng-shan","乌蒙山","乌蒙山","贵州省","2857","27","104.5","coordinate_precision_below_3dp"
"wuyue-zhai","五岳寨","五岳寨","河北省","1945.6","38.7833","113.8667","no_external_candidate_found"
"xiang-shan","香山","香山","北京市","557","39.9939","116.2056","original_displacement_over_150km|unrelated_province_same_name_risk|source_elevation_mismatch"
"xiangtang-shan","响堂山","响堂山","河北省","891","36.45","114.25","no_external_candidate_found"
"xiannv-shan","仙女山","仙女山","重庆市","2033","29.45","107.75","original_displacement_over_150km|source_elevation_mismatch"
"xiaoxinganling-liangshui","小兴安岭凉水主峰","小兴安岭凉水主峰","黑龙江省","707.3","47.15","128.9","no_external_candidate_found"
"xiata-gudao-route","夏塔古道沿线山峰","夏塔古道沿线山峰","新疆维吾尔自治区","3600","42.75","80.7","no_external_candidate_found"
"xiling-xueshan","西岭雪山","西岭雪山","四川省","5364","30.65","103.2","no_external_candidate_found"
"xuebao-ding","雪宝顶主峰","雪宝顶主峰","四川省","5588","32.7","103.8","no_external_candidate_found"
"yading-xiannairi","仙乃日","仙乃日","四川省","0","28.39","100.33","source_elevation_mismatch"
"yading-xianuoduoji","夏诺多吉","夏诺多吉","四川省","0","28.43","100.36","source_elevation_mismatch"
"yalongwan-canghai-lou","亚龙湾热带天堂森林公园主峰","亚龙湾热带天堂森林公园主峰","海南省","450","18.2","109.75","no_external_candidate_found"
"yubeng-route","雨崩徒步线","雨崩徒步线","云南省","4000","28.4","98.7","no_external_candidate_found"
"yunding-shan-shanxi","云顶山","云顶山","山西省","2708","37.9","111.7","original_displacement_over_150km|unrelated_province_same_name_risk"
"yunlong-shan","云龙山","云龙山","江苏省","142","34.25","117.15","no_external_candidate_found"
"yuntai-shan-henan","云台山（河南）","云台山茱萸峰|云台山（河南）|云台山（河南）茱萸峰|茱萸峰","河南省","1308","35.4","113.4","no_external_candidate_found"
"zhangjiajie-qixing-shan","张家界七星山","张家界七星山","湖南省","1528.6","29","110.5","no_external_candidate_found"
"zhangjiajie-tianmen-shan","张家界天门山","张家界天门山","湖南省","1518.6","29.05","110.45","no_external_candidate_found"
"zhangshi-yan","嶂石岩","嶂石岩","河北省","1774","37.5833","114.1","no_external_candidate_found"
"zhangzi-feng","章子峰","章子峰","西藏自治区","7543","28.05","86.95","no_external_candidate_found"
"zhumulangma-beipo","珠穆朗玛峰北坡","珠穆朗玛峰北坡","西藏自治区","8848.86","27.9881","86.925","no_external_candidate_found"
"zu-shan","祖山","祖山","河北省","1428","40.1","119.5","no_external_candidate_found"
